role,text,response_latency,start_time,end_time
counselor,"안녕하세요, 저는 오늘 함께 이야기를 나눌 에코입니다.
여러 일들로 마음이 불편하고 자기 감정을 알기 어려울 때 상담을 통해 마음의 안정을 찾도록 돕는 일을 하고 있어요.
간단하게 자기 소개를 부탁해도 될까요?",N/A,2024-07-05 00:10:59,2024-07-05 00:10:59
client, 안녕 내 이름은 박소연이요,14.9초,2024-07-05 00:11:21,2024-07-05 00:11:36
counselor,"안녕하세요, 소연 학생. 만나서 반가워요. 요즘 마음이 어떠신가요? 어떤 일로 상담을 받고 싶으신지 이야기해 주실 수 있나요?",2.5초,2024-07-05 00:11:36,2024-07-05 00:11:39
client, 요즘 밤에 잠이 잘 온지 않고 잠도 자주 설치는 것 같아,14.5초,2024-07-05 00:11:51,2024-07-05 00:12:05
counselor,"(따뜻한 어조로) 아, 밤에 잠을 잘 못 자서 많이 피곤하시겠어요. 언제부터 이렇게 잠을 설치기 시작하셨는지 기억나세요?",2.9초,2024-07-05 00:12:05,2024-07-05 00:12:08
client, 그건 잘 기억이 안 나는 것 같은데,14.1초,2024-07-05 00:12:20,2024-07-05 00:12:34
counselor,(이해하는 표정으로) 그렇군요. 혹시 잠을 설치기 시작한 이후에 스트레스나 걱정거리가 많아진 것 같다고 느끼시나요?,5.3초,2024-07-05 00:12:34,2024-07-05 00:12:40
client,rant 그렇게,24.8초,2024-07-05 00:12:52,2024-07-05 00:13:16
counselor,(부드럽게) 그럼 혹시 잠자리에 들기 전에 어떤 생각들이 떠오르나요? 또는 어떤 활동을 하시나요?,2.1초,2024-07-05 00:13:16,2024-07-05 00:13:18
client, 나는 자기 전에 핸드폰을 보거나 노래를 듣는 것 같아,14.2초,2024-07-05 00:13:28,2024-07-05 00:13:42
counselor,"(따뜻한 미소로) 핸드폰을 보거나 노래를 듣는 것이 잠들기 전에 마음을 안정시키는 데 도움이 되나요, 아니면 오히려 더 깨어 있게 하나요?",2.3초,2024-07-05 00:13:42,2024-07-05 00:13:45
client, 음... 둘 다 아닌 것 같은데? 잘 모르겠어.,14.1초,2024-07-05 00:13:57,2024-07-05 00:14:11
counselor,"(공감하는 표정으로) 이해해요, 소연 학생. 그럼 혹시 잠들기 전에 어떤 감정이 드는지 한번 생각해 볼 수 있을까요? 예를 들어, 불안하거나 걱정되는 마음이 들 때가 있나요?",2.7초,2024-07-05 00:14:11,2024-07-05 00:14:14
client, 다음날 너무 할 일이 많거나 바쁠 것 같으면 자기 전에 걱정이 되는 것 같아,14.5초,2024-07-05 00:14:30,2024-07-05 00:14:45
counselor,"(따뜻하게) 네, 다음날 할 일이 많아서 걱정이 되는군요. 그럴 때는 특히 어떤 일들이 걱정되시나요?",2.4초,2024-07-05 00:14:45,2024-07-05 00:14:47
client, 그냥 내가 맡은 일이나 하거나 해야 하는 것들 그런 게 아닐까?,14.3초,2024-07-05 00:14:56,2024-07-05 00:15:10
counselor,(이해하는 표정으로) 그렇군요. 맡은 일이나 해야 할 것들이 많아서 부담이 되시나 봐요. 그런 일들이 많을 때 어떤 식으로 대처하시나요?,2.4초,2024-07-05 00:15:10,2024-07-05 00:15:12
client, 그냥 하는 것 같아.,13.8초,2024-07-05 00:15:26,2024-07-05 00:15:40
counselor,"(따뜻한 어조로) 소연 학생, 그런 상황에서도 잘 해내고 계신 것 같아요. 혹시 할 일을 미리 계획하거나 정리하는 방법을 사용해 보신 적이 있나요?",2.3초,2024-07-05 00:15:40,2024-07-05 00:15:42
client, 나는 항상 할 일을 미리 계획하거나 정리해.,14.2초,2024-07-05 00:15:56,2024-07-05 00:16:10
counselor,"(칭찬하는 어조로) 정말 잘하고 계시네요, 소연 학생. 그럼에도 불구하고 걱정이 되는 건 참 힘들겠어요. 혹시 계획을 세우면서도 불안함을 줄이기 위해 해본 다른 방법이 있나요?",2.7초,2024-07-05 00:16:10,2024-07-05 00:16:13
client, 아니 딱히 없는 것 같은데 너가 추천해 줄래?,14.2초,2024-07-05 00:16:28,2024-07-05 00:16:42
counselor,"(따뜻하게) 물론이죠, 소연 학생. 한 가지 방법은 자기 전에 간단한 명상이나 호흡 운동을 해보는 거예요. 혹시 이런 방법에 대해 들어본 적 있나요?",2.5초,2024-07-05 00:16:42,2024-07-05 00:16:45
client, 응 들어본 적 있는 것 같아,14.0초,2024-07-05 00:16:59,2024-07-05 00:17:13
counselor,(미소 지으며) 그렇군요. 그럼 혹시 명상이나 호흡 운동을 시도해 본 적이 있으신가요? 아니면 한번 해보고 싶으신가요?,2.4초,2024-07-05 00:17:13,2024-07-05 00:17:15
client, 명상이나 호흡 운동을 해 본 적은 없지만 스트레칭은 자기 전에 자주 해.,14.5초,2024-07-05 00:17:27,2024-07-05 00:17:41
counselor,"(긍정적으로) 스트레칭을 자주 하신다니 정말 좋은 습관이에요, 소연 학생. 스트레칭이 끝난 후에 짧은 호흡 운동을 추가해 보는 건 어떨까요? 깊게 숨을 들이마시고 천천히 내쉬는 것만으로도 도움이 될 수 있어요.",3.3초,2024-07-05 00:17:41,2024-07-05 00:17:45
client, 정말 동미될까?,13.9초,2024-07-05 00:18:05,2024-07-05 00:18:19
counselor,"(확신하는 어조로) 네, 많은 사람들이 호흡 운동이 긴장을 풀고 마음을 안정시키는 데 도움이 된다고 해요. 한번 시도해 보시면 좋을 것 같아요. 혹시 지금 바로 간단한 호흡 운동을 같이 해볼까요?",3.5초,2024-07-05 00:18:19,2024-07-05 00:18:22
client, 음.. 좋아. 어떻게Inde?,24.5초,2024-07-05 00:18:40,2024-07-05 00:19:04
counselor,"(따뜻하게) 좋아요, 소연 학생. 아주 간단한 호흡 운동을 해볼게요. 먼저 편안하게 앉거나 누워주세요. 준비되셨나요?",2.3초,2024-07-05 00:19:04,2024-07-05 00:19:07
client, 준비 됐어,13.9초,2024-07-05 00:19:18,2024-07-05 00:19:32
counselor,"(부드럽게) 좋아요. 그럼 이제 천천히 코로 깊게 숨을 들이마셔 보세요. 천천히 4초 동안 숨을 들이마시고, 그 다음 4초 동안 숨을 참으세요. 그리고 4초 동안 천천히 입으로 숨을 내쉬어 보세요. 이 과정을 몇 번 반복해 볼까요?",2.8초,2024-07-05 00:19:32,2024-07-05 00:19:35
client, 그래,13.6초,2024-07-05 00:19:56,2024-07-05 00:20:10
counselor,"(따뜻하게) 잘 하고 계세요, 소연 학생. 천천히 숨을 들이마시고, 참았다가 내쉬는 걸 반복하면서 몸과 마음이 조금씩 가라앉는 느낌이 드시나요?",2.3초,2024-07-05 00:20:10,2024-07-05 00:20:12
client, 좀 드는 것 같기도 하고 아닌 것 같기도 하고,14.0초,2024-07-05 00:20:26,2024-07-05 00:20:40
counselor,(부드럽게) 처음에는 익숙하지 않을 수 있어요. 꾸준히 연습하면 점점 더 효과를 느낄 수 있을 거예요. 혹시 지금 마음이 조금이라도 편안해졌나요?,2.4초,2024-07-05 00:20:40,2024-07-05 00:20:42
client, 음 그런 것 같아. 너 덕분에.,13.8초,2024-07-05 00:20:55,2024-07-05 00:21:09
counselor,"(따뜻한 미소로) 다행이에요, 소연 학생. 앞으로도 잠들기 전에 이런 호흡 운동을 해보시면 좋을 것 같아요. 혹시 다른 걱정이나 나누고 싶은 이야기가 있으신가요?",2.6초,2024-07-05 00:21:09,2024-07-05 00:21:12
client, 그냥 너랑 얘기를 좀 더 하고 싶어,13.9초,2024-07-05 00:21:26,2024-07-05 00:21:40
counselor,(미소 지으며) 저도 소연 학생과 더 이야기 나누고 싶어요. 요즘 학교 생활은 어떠신가요? 특별히 즐거운 일이나 힘든 일이 있었나요?,2.4초,2024-07-05 00:21:40,2024-07-05 00:21:43
client, 음... 나 방앗했는데? 나 요즘은 인터넷하고 있어.,14.2초,2024-07-05 00:21:54,2024-07-05 00:22:09
counselor,"(이해하는 표정으로) 그렇군요, 인터넷을 하면서 어떤 활동을 주로 하시나요?",2.3초,2024-07-05 00:22:09,2024-07-05 00:22:11
client, 인터넷이 아니라 인터넷,14.0초,2024-07-05 00:22:18,2024-07-05 00:22:32
counselor,"(이해하는 표정으로) 아, 인턴십을 하고 계시는군요. 어떤 분야에서 인턴십을 하고 계신가요? 그 경험이 어떠신가요?",2.4초,2024-07-05 00:22:32,2024-07-05 00:22:35
client, 그건 너가 몰라도 돼,14.0초,2024-07-05 00:22:46,2024-07-05 00:23:00
counselor,"(부드럽게) 알겠습니다, 소연 학생. 다른 이야기하고 싶은 주제가 있으신가요?",2.3초,2024-07-05 00:23:00,2024-07-05 00:23:02
client, 넌 어떤 거에 흥미가 있어?,14.7초,2024-07-05 00:23:10,2024-07-05 00:23:25
counselor,(미소 지으며) 저는 다양한 사람들과 이야기를 나누고 그들의 이야기를 듣는 것을 좋아해요. 소연 학생은 어떤 것에 흥미를 가지고 계신가요?,2.4초,2024-07-05 00:23:25,2024-07-05 00:23:27
client, 나는 요즘 내가 어떤 거에 관심이 있는지 찾아나가는 중이야.,15.6초,2024-07-05 00:23:40,2024-07-05 00:23:55
counselor,(따뜻하게) 자신에 대해 알아가는 과정이 참 중요하죠. 요즘 어떤 활동들을 해보면서 흥미를 찾고 계신가요?,2.1초,2024-07-05 00:23:55,2024-07-05 00:23:57
client, 인턴 생활을 하면서 내가 관심 있는 분량에 대해 생각해보고 있어.,15.1초,2024-07-05 00:24:08,2024-07-05 00:24:23
counselor,"(긍정적으로) 정말 멋지네요, 소연 학생. 인턴 생활을 통해 어떤 분야에 관심이 생겼나요?",2.1초,2024-07-05 00:24:23,2024-07-05 00:24:25
client, 아직 확실하게는 잘 모르겠어. 인공지는 쪽을 배우는 중이야.,14.5초,2024-07-05 00:24:34,2024-07-05 00:24:48
counselor,(흥미롭게) 인공지능 분야는 정말 흥미롭고 발전 가능성이 큰 분야죠. 배우면서 특별히 흥미를 느꼈던 부분이 있나요?,2.3초,2024-07-05 00:24:48,2024-07-05 00:24:50
client, 사실 아직은 그냥 모든 게 다 어렵고 잘 모르듯이 음.. 몰라,14.3초,2024-07-05 00:25:03,2024-07-05 00:25:17
counselor,(이해하는 표정으로) 처음 시작할 때는 어렵고 혼란스러울 수 있어요. 그래도 천천히 배우면서 점점 익숙해질 거예요. 혹시 배우면서 도움을 받고 싶은 부분이 있나요?,3.7초,2024-07-05 00:25:17,2024-07-05 00:25:20
client, 내가 말하면 너가 도와줄 수 있니?,14.5초,2024-07-05 00:25:36,2024-07-05 00:25:50
counselor,"(따뜻하게) 물론이죠, 소연 학생. 제가 도울 수 있는 부분이라면 기꺼이 도와드릴게요. 어떤 부분에서 도움이 필요하신가요?",3.5초,2024-07-05 00:25:50,2024-07-05 00:25:54
client, 괜찮아 나랑 이렇게 얘기해 준 것만으로 도움이 돼,14.2초,2024-07-05 00:26:05,2024-07-05 00:26:20
counselor,"(미소 지으며) 그렇게 느끼신다니 정말 기뻐요, 소연 학생. 앞으로도 언제든지 이야기하고 싶으실 때 편하게 찾아오세요. 혹시 지금 이 순간 더 나누고 싶은 이야기나 질문이 있으신가요?",3.0초,2024-07-05 00:26:20,2024-07-05 00:26:23
client, 종류,13.8초,2024-07-05 00:26:39,2024-07-05 00:26:53
counselor,(따뜻하게) 알겠습니다. 오늘은 여기까지 이야기 나눌까요? 언제든지 더 이야기 나누고 싶으시면 편하게 찾아오세요. 소연 학생의 이야기를 들어서 정말 좋았어요.,2.5초,2024-07-05 00:26:53,2024-07-05 00:26:55
